"stock","year","mean","sd","median","lwr95CI","upr95CI","cv","obs"
"Aniak",1976,9707.72790555518,1206.67371910988,9672.55123270292,7366.15199693159,12100.7501470487,0.124300323499938,0
"Aniak",1977,25517.2926239767,3168.58389708797,25436.7885457101,19396.6092246832,31758.4707499243,0.124173984434018,0
"Aniak",1978,14729.6241283579,1837.27851475327,14684.6063564024,11162.3761125142,18340.77624793,0.124733564057218,0
"Aniak",1979,13752.8176915297,1708.15855847,13711.651727244,10439.0420238807,17122.8880805115,0.124204261030962,0
"Aniak",1980,25986.3968405033,3227.62190200475,25903.6334190111,19750.273261564,32334.237920973,0.124204287412947,0
"Aniak",1981,41285.2335598174,5183.36598351577,41136.1792090111,31290.5707452063,51527.4254204185,0.125550118930675,0
"Aniak",1982,6164.4314363559,771.756099076136,6144.52757075486,4662.06882508258,7681.01907461309,0.125195017098342,0
"Aniak",1983,9184.2011470607,1150.08828382441,9148.0473530068,6966.52284916312,11438.803171707,0.125224640162905,1
"Aniak",1984,8269.92684321828,1028.69226496458,8240.20566165166,6269.32349472514,10309.0514041622,0.124389524171928,0
"Aniak",1985,6169.93296152659,769.271112747511,6153.17539465843,4679.44333559717,7694.03658248079,0.124680627414333,0
"Aniak",1986,3377.490195164,423.01909730411,3372.44574364099,2552.74835432471,4201.04211089258,0.125246580407488,1
"Aniak",1987,7611.86983655193,950.41678072735,7587.46751271797,5775.4780145243,9503.95979546151,0.124859830913488,1
"Aniak",1988,5648.19533423709,703.279477086986,5632.48556919184,4288.0037880784,7025.61889646842,0.124514014737413,1
"Aniak",1989,13880.6131555844,1715.21037574913,13838.0749962698,10542.6880139273,17256.3790798602,0.123568775854766,1
"Aniak",1990,7740.67574204497,958.580191506094,7720.19489353892,5875.57910186064,9640.42050796002,0.123836758372319,1
"Aniak",1991,9809.07202482,1213.39976121012,9784.06223654784,7448.03509351353,12208.8788055622,0.123701789337447,1
"Aniak",1992,11493.7883501469,1434.57454691519,11452.9909968099,8717.62713264079,14315.3662160224,0.124813029717644,1
"Aniak",1993,16348.7865175834,2021.67570477432,16301.6394060856,12406.5761752163,20352.969457491,0.123659068065998,1
"Aniak",1994,27523.5561902414,3425.52878803696,27442.0348823233,20894.3896324034,34279.7051824401,0.124458073817201,1
"Aniak",1995,19044.347815974,2355.24113730706,18986.5447472056,14468.5751430801,23704.9713390554,0.123671398992804,1
"Aniak",1996,20236.8782544532,2512.39618933221,20172.4603308316,15359.0886979361,25202.8880968098,0.124149394869209,0
"Aniak",1997,13138.072689839,1625.32622074384,13100.6318281288,9983.22546214721,16374.1877291373,0.123711160618016,1
"Aniak",1998,9742.00897492168,1215.78687926125,9706.40886885015,7389.66679284213,12138.2435191863,0.124798373968961,1
"Aniak",1999,8100.82856256963,1007.77004324703,8071.8956044879,6137.51922389222,10097.3452014045,0.124403329296893,0
"Aniak",2000,3848.41464285918,484.5933631645,3840.57732270234,2903.70444565317,4807.17732179883,0.125920257595858,1
"Aniak",2001,12670.0913850496,1573.87856750165,12631.1945272108,9618.49459402116,15775.5774081288,0.124219985450049,0
"Aniak",2002,17445.4549232069,2152.19860130268,17393.2213813677,13255.6945194792,21703.6749900227,0.123367295996375,1
"Aniak",2003,20607.8505626893,2551.55984393321,20548.216857507,15651.8710320355,25641.032121854,0.123814943056353,1
"Aniak",2004,31078.2860749873,3848.69472290432,30973.0354924916,23652.2969771029,38711.68985864,0.123838705700114,1
"Aniak",2005,31056.0438746665,3821.22135365449,30975.7592705179,23724.3887099107,38658.2795254345,0.123042760020429,1
"Aniak",2006,28934.6544492073,3604.93451453441,28847.8956171759,21951.4660713748,36042.3159689579,0.124588822059811,1
"Aniak",2007,24639.5114111065,3045.94692534138,24557.3102037107,18726.3691263903,30675.0227360285,0.123620427147285,1
"Aniak",2008,16787.1213147072,2090.25666643205,16731.6760941412,12739.6320241726,20900.6327662069,0.12451549180149,1
"Aniak",2009,10315.6235641213,1281.98312215261,10279.8795099224,7831.26907052168,12858.1349154401,0.124275872823769,0
"Aniak",2010,4360.44628906814,546.880077037749,4349.09665236266,3294.94336538591,5437.25163477988,0.125418372520447,0
"Aniak",2011,4055.69249167425,515.704555265259,4043.91620540304,3057.88371601806,5083.12240796471,0.127155733903378,1
"Aniak",2012,4607.64198833454,583.642591104424,4594.35808835706,3478.44162577852,5763.64169890416,0.126668389727776,1
"Aniak",2013,4004.11852557531,504.175351150346,3993.57313594931,3021.69711173743,4996.74994118558,0.125914192581975,1
"Aniak",2014,16887.3535213079,2102.0388007753,16832.6625531482,12813.7212059645,21020.9806177807,0.124474139664514,1
"Aniak",2015,12060.7380732424,1491.82199585989,12027.851879783,9173.49538337021,15016.035787299,0.123692429667269,1
"Aniak",2016,6225.76010145329,768.842395733266,6204.34733466029,4735.69895278522,7729.27798008235,0.123493739431719,1
"Aniak",2017,10286.3528223918,1276.30053762084,10258.4060790068,7799.48147632689,12809.2220496423,0.124077071791912,1
"George",1976,2714,135.7,2714,2448.028,2979.972,0.05,0
"George",1977,7134,356.7,7134,6434.868,7833.132,0.05,0
"George",1978,4427,221.35,4427,3993.154,4860.846,0.05,0
"George",1979,3845,192.25,3845,3468.19,4221.81,0.05,0
"George",1980,7298,364.9,7298,6582.796,8013.204,0.05,0
"George",1981,5544,277.2,5544,5000.688,6087.312,0.05,0
"George",1982,1848,92.4,1848,1666.896,2029.104,0.05,0
"George",1983,1849,92.45,1849,1667.798,2030.202,0.05,0
"George",1984,2312,115.6,2312,2085.424,2538.576,0.05,0
"George",1985,1724,86.2,1724,1555.048,1892.952,0.05,0
"George",1986,1478,73.9,1478,1333.156,1622.844,0.05,0
"George",1987,2291,114.55,2291,2066.482,2515.518,0.05,0
"George",1988,2155,107.75,2155,1943.81,2366.19,0.05,0
"George",1989,2459,122.95,2459,2218.018,2699.982,0.05,0
"George",1990,2857,142.85,2857,2577.014,3136.986,0.05,0
"George",1991,2723,136.15,2723,2456.146,2989.854,0.05,0
"George",1992,3576,178.8,3576,3225.552,3926.448,0.05,0
"George",1993,4903,245.15,4903,4422.506,5383.494,0.05,0
"George",1994,8084,404.2,8084,7291.768,8876.232,0.05,0
"George",1995,6604,330.2,6604,5956.808,7251.192,0.05,0
"George",1996,7770,388.5,7770,7008.54,8531.46,0.05,1
"George",1997,7810,390.5,7810,7044.62,8575.38,0.05,1
"George",1998,2353,117.65,2353,2122.406,2583.594,0.05,0
"George",1999,2263,113.15,2263,2041.226,2484.774,0.05,0
"George",2000,2959,147.95,2959,2669.018,3248.982,0.05,1
"George",2001,3277,163.85,3277,2955.854,3598.146,0.05,1
"George",2002,2443,122.15,2443,2203.586,2682.414,0.05,1
"George",2003,4591,229.55,4591,4141.082,5040.918,0.05,0
"George",2004,5488,274.4,5488,4950.176,6025.824,0.05,1
"George",2005,3845,192.25,3845,3468.19,4221.81,0.05,1
"George",2006,4355,217.75,4355,3928.21,4781.79,0.05,1
"George",2007,4011,200.55,4011,3617.922,4404.078,0.05,1
"George",2008,2563,128.15,2563,2311.826,2814.174,0.05,1
"George",2009,3663,183.15,3663,3304.026,4021.974,0.05,1
"George",2010,1498,74.9,1498,1351.196,1644.804,0.05,1
"George",2011,1547,77.35,1547,1395.394,1698.606,0.05,1
"George",2012,2201,110.05,2201,1985.302,2416.698,0.05,1
"George",2013,1292,64.6,1292,1165.384,1418.616,0.05,1
"George",2014,2993,149.65,2993,2699.686,3286.314,0.05,1
"George",2015,2282,114.1,2282,2058.364,2505.636,0.05,1
"George",2016,1663,83.15,1663,1500.026,1825.974,0.05,1
"George",2017,3685,184.25,3685,3323.87,4046.13,0.05,1
"Holitna",1976,28374.4897740438,4273.00817882329,28163.5156034415,20589.7020280399,37226.3412520115,0.150593304508761,1
"Holitna",1977,30316.7597621487,4565.54811799624,30091.7579975056,21996.3596932569,39774.0687211674,0.150594857557847,0
"Holitna",1978,30526.4366358645,4597.12919136307,30299.8462042019,22148.2259742152,40049.1074820421,0.150595015271519,1
"Holitna",1979,16345.6585977127,2461.29494258986,16225.3039216087,11872.9499336476,21442.0594335062,0.150577899806024,0
"Holitna",1980,31023.0397578232,4671.92651106073,30792.6866937459,22507.9092712215,40700.5150735877,0.15059538161094,0
"Holitna",1981,23562.9573035114,3548.31230361126,23388.1875733552,17105.0604298614,30914.9254761479,0.150588580962309,0
"Holitna",1982,5751.45866259539,865.956876641411,5707.5486599365,4175.14015653167,7554.07031016104,0.150563001047571,1
"Holitna",1983,11798.9811255582,1776.54644549262,11710.6843686897,8563.67909173584,15477.0525656254,0.15056778433558,1
"Holitna",1984,9823.60426265611,1479.06914255196,9747.4976362358,7131.41760848825,12887.9443570364,0.150562777470033,0
"Holitna",1985,7329.55302793057,1103.52698526456,7273.57624305064,5315.19893922759,9617.09659054365,0.150558564902849,0
"Holitna",1986,7175.05427887678,1080.26595063188,7119.94033320575,5202.08821861759,9416.16335204302,0.150558575398121,1
"Holitna",1987,9735.3192631968,1465.77460541915,9659.7536795004,7067.63098140591,12772.0634594053,0.150562561513553,0
"Holitna",1988,9161.46676671128,1379.36155879224,9089.89584244395,6648.89677899198,12018.35248682,0.150561214040991,0
"Holitna",1989,10452.6348838037,1573.79422329268,10372.5230007462,7585.89732644993,13713.5261419713,0.150564354422373,0
"Holitna",1990,12141.085498463,1828.06673777805,12050.1740373338,8812.67530980684,15924.9091155627,0.150568640506607,0
"Holitna",1991,11578.2686269099,1743.30779671786,11491.6587760161,8403.03637039971,15188.1128559884,0.150567226663415,0
"Holitna",1992,22315.9316861486,3360.49143480796,22150.9374887587,16201.9308413427,29279.1686351558,0.150587099927977,1
"Holitna",1993,17360.9360914948,2614.20556385661,17233.1298129082,12611.8756694064,22775.8452511207,0.150579758492246,1
"Holitna",1994,34355.7984874122,5173.90094024488,34098.8372221711,24927.9649873491,45073.636392073,0.150597604131966,0
"Holitna",1995,20826.1223202727,3136.10491095424,20673.5385126248,15122.9707134663,27324.9363845655,0.150585157559623,1
"Holitna",1996,23960.2398010783,3608.14921321746,23782.2565846843,17392.7831306285,31436.0515493844,0.150589027621296,0
"Holitna",1997,23099.46105635,3478.5026775995,22928.4460773131,16769.3839456332,30306.9450573721,0.150588044851517,1
"Holitna",1998,10000.1742615747,1505.65837971594,9923.04875287448,7258.99086265293,13119.7061522985,0.150563214233313,0
"Holitna",1999,8179.29614772644,1231.46928516904,8114.71363319875,5936.41363567711,10729.8318895861,0.150559322333786,1
"Holitna",2000,3323.62117746434,500.695582175696,3298.22885165553,2412.14906122332,4358.92195309032,0.150647608569424,1
"Holitna",2001,45865.9552919198,6907.55273880533,45514.6730412766,33301.2628399095,60193.0572878578,0.150603049578741,1
"Holitna",2002,8091.01114826713,1218.17611695247,8027.20357466029,5872.38518038696,10613.9714482719,0.150559193978291,1
"Holitna",2003,19512.8829533155,2938.31369711019,19370.4591244571,14171.8873414864,25602.2832034493,0.150583268712271,0
"Holitna",2004,44707.2146740164,6733.02346748143,44365.2743499391,32458.3039238971,58671.041393713,0.150602615630954,1
"Holitna",2005,19424.5979538562,2925.01686098138,19282.8383489088,14107.9489635382,25486.4745862314,0.150583135256125,1
"Holitna",2006,20594.3741966921,3101.20047937663,20443.7998096404,14955.1324713522,27020.9387643685,0.150584836895639,1
"Holitna",2007,17427.1498410893,2624.17804390069,17298.8575884278,12660.0684858072,22862.8312827042,0.150579874955426,0
"Holitna",2008,13266.7192415692,1997.58801449037,13167.4074949339,9631.44323472989,17398.5016347112,0.150571364187103,0
"Holitna",2009,12251.4417477872,1844.68628167008,12159.6868336706,8892.99667047491,16069.3789703812,0.150568914226219,0
"Holitna",2010,6479.80990813471,975.597070636549,6432.09766593703,4698.89252988906,8506.8075218134,0.150559520181571,1
"Holitna",2011,5905.95741164918,889.212545564248,5861.43600122898,4286.23840675727,7755.55488801178,0.150561963723329,0
"Holitna",2012,6623.27303225609,997.194554505561,6573.95311286158,4802.10034870327,8694.96699170005,0.150559179675836,0
"Holitna",2013,5872.85053685194,884.229120823647,5828.54573378907,4262.43163885179,7712.37962132948,0.150562169984599,1
"Holitna",2014,8620.721145023,1297.93649172115,8553.20212061469,6256.55591212783,11309.1512077861,0.150560083070369,0
"Holitna",2015,7307.48177806575,1100.20395497789,7251.62825592994,5299.04026485473,9588.39184218642,0.15055856290744,1
"Holitna",2016,12770.1161196106,1922.79871008899,12674.3002061085,9270.50706561482,16748.387288028,0.150570182140804,1
"Holitna",2017,7461.98052711954,1123.46533753826,7405.06320740281,5412.15098546473,9789.32088347753,0.150558599483767,1
"Holokuk",1976,658.012414420715,120.799871131839,648.20945904774,448.850889033208,925.256343511586,0.183582966649931,0
"Holokuk",1977,1731.65406433282,309.586070532494,1702.71333599963,1208.21532753004,2420.08123722293,0.178780552599443,0
"Holokuk",1978,1075.53972271987,193.610968569808,1058.81123493903,743.519120505994,1505.64202027638,0.180012847949675,0
"Holokuk",1979,933.878671689798,168.749141811183,919.534282592901,643.342127264404,1308.8030104907,0.180697072250125,0
"Holokuk",1980,1768.9332882881,316.197312949141,1739.00429512742,1234.65136140344,2472.09670285324,0.178750275684587,0
"Holokuk",1981,1343.9501351979,240.940459699907,1322.03761967847,934.856477169774,1883.74756123575,0.179277826899753,0
"Holokuk",1982,449.248760271139,85.4456624882662,442.934723497847,299.917617188625,634.123024285325,0.190196768571373,0
"Holokuk",1983,449.248760271139,85.4456624882662,442.934723497847,299.917617188625,634.123024285325,0.190196768571373,0
"Holokuk",1984,561.086432136983,104.224500537688,552.848335835624,380.260009177459,789.564097157681,0.18575480455076,0
"Holokuk",1985,419.425381106913,80.5319860372394,413.518465902709,278.628771769982,591.846111395665,0.192005514365168,0
"Holokuk",1986,359.778622778463,70.8791750943197,354.743488087093,234.293006689679,508.720853575187,0.197007744781891,0
"Holokuk",1987,557.358509741455,103.591571538825,549.122347472119,377.615077025863,784.398697367354,0.185861648702338,0
"Holokuk",1988,523.807208181702,97.9140596690496,516.029346225447,353.892823889966,738.166596156026,0.186927667545737,0
"Holokuk",1989,598.365656092265,110.574190556172,589.691943609191,406.258010171818,842.01909920011,0.184793678297476,0
"Holokuk",1990,695.291638375997,127.224802303018,684.886382793861,474.494785436778,976.305977248983,0.182980486577084,0
"Holokuk",1991,661.740336816243,121.441296665198,651.986448517925,451.345746903251,930.280321460494,0.183518050674492,0
"Holokuk",1992,866.776068570292,157.015999724961,853.242264815087,596.106312151941,1216.42394899926,0.181149440343862,0
"Holokuk",1993,870.50399096582,157.666940025389,856.905666831155,598.550018309557,1221.41709420147,0.181121444199766,1
"Holokuk",1994,1959.05733046004,349.934755565727,1926.81342404107,1372.96337437505,2737.37732728667,0.178624050519008,0
"Holokuk",1995,1601.17678048934,286.459156732216,1574.32430384253,1116.5995562691,2238.78959451383,0.178905390224726,0
"Holokuk",1996,1366.31766957106,244.893655832283,1343.97911083907,950.836115320573,1914.0330515046,0.179236250314441,0
"Holokuk",1997,1381.22935915318,247.529726226782,1358.57654832154,961.2270170052,1934.21595995574,0.179209719650429,0
"Holokuk",1998,572.270199323568,106.12560609049,563.807124981612,388.064097195923,804.468416294297,0.185446675741515,0
"Holokuk",1999,549.902664950399,102.326915849107,541.744368519992,372.088909064397,774.189980424568,0.186081869340163,0
"Holokuk",2000,415.697458711385,79.9214000911772,409.859768808604,276.155116251116,586.71819257123,0.192258572710366,0
"Holokuk",2001,195.750037375224,46.5881899153548,193.74528827612,109.309090933871,290.964344462907,0.237998370473115,1
"Holokuk",2002,1914.3222617137,341.993795754313,1882.63494894968,1339.94902139505,2675.21713274695,0.178650064617731,1
"Holokuk",2003,4087.70101830662,728.637734053912,4017.61718712056,2872.3668266856,5698.82546635282,0.178251229918904,1
"Holokuk",2004,2011.24824399743,359.201083266519,1978.18788304021,1410.02183361419,2810.21469237772,0.178596095404212,1
"Holokuk",2005,1903.13849452712,340.008800630733,1871.51431778742,1331.50417865056,2660.0239781429,0.178656887876789,1
"Holokuk",2006,2630.08336165511,469.185433050179,2586.40550137964,1845.09328398548,3672.02636847279,0.178391848673162,1
"Holokuk",2007,993.525430018249,179.203968166985,978.560973642774,686.250238046138,1389.72889227437,0.180371797995843,0
"Holokuk",2008,1560.16963413853,279.19522244761,1534.23509574908,1087.91274586209,2182.11427498814,0.178951837247988,1
"Holokuk",2009,2108.17422628117,376.414843779029,2073.96895050378,1477.43375575475,2945.46095683139,0.178550159226179,1
"Holokuk",2010,855.592301383707,155.063870866198,842.242639184856,588.217491101348,1201.44451339263,0.181235701414588,1
"Holokuk",2011,229.301338934977,51.1370941640382,226.751120159432,135.57898689115,335.477659240769,0.223012627844005,1
"Holokuk",2012,136.103279046774,39.456358053544,135.029943020537,61.6726176706747,216.168164235633,0.289900128269388,1
"Holokuk",2013,251.668873308146,54.3241118276038,248.74258992976,152.090045015343,365.141045848711,0.215855505345266,0
"Holokuk",2014,300.131864450012,61.550122930963,296.587772790985,188.695100489203,428.23800362232,0.205076935245622,1
"Holokuk",2015,288.948097263428,59.8493470452637,285.492586933564,180.49231160983,413.595254024409,0.207128365308806,1
"Holokuk",2016,374.690312360575,73.2669508626241,369.258650445968,245.551080274396,529.503438101567,0.195540019172199,1
"Holokuk",2017,523.807208181702,97.9140596690496,516.029346225447,353.892823889966,738.166596156026,0.186927667545737,1
"Kisaralik",1976,3388.36743042835,891.82729509915,3241.51042302905,2108.60719414863,5512.98526326854,0.263202652430881,0
"Kisaralik",1977,8912.72961729463,2345.83736102191,8527.54004417225,5526.08833011353,14531.9781286612,0.263200777062725,0
"Kisaralik",1978,14236.8483986668,3747.39946991112,13612.588414673,8831.16037288865,23227.0395209681,0.263218330698951,1
"Kisaralik",1979,4801.85029273955,1263.77908486495,4592.76778424422,2982.9507509399,7823.88509002243,0.263185857080092,0
"Kisaralik",1980,9118.86253471502,2400.09964327731,8724.64960741788,5653.99791602626,14868.6232046908,0.263201647589297,0
"Kisaralik",1981,6927.96409813265,1823.38381841047,6626.86864348418,4294.02260167044,11290.5669680335,0.263191868864035,0
"Kisaralik",1982,478.948538837791,129.26195599251,459.923780976196,288.119471181855,780.13770074182,0.269886940893849,1
"Kisaralik",1983,2310.58674791606,608.350144929501,2210.20173275445,1437.44600560079,3755.29813771936,0.263288164998859,0
"Kisaralik",1984,2887.75891669313,760.133234850589,2763.69590087155,1796.25283107697,4697.26769750292,0.263226002162619,0
"Kisaralik",1985,372.937324164451,102.431942653635,359.097358296056,218.187372392546,611.555367834486,0.274662620275751,1
"Kisaralik",1986,1845.31530573862,486.069375143118,1765.98692594058,1147.39164657517,2999.33131685115,0.263407220235763,0
"Kisaralik",1987,2864.20086898794,753.936706822285,2741.06531380268,1781.8074463032,4659.12646668098,0.263227595168172,0
"Kisaralik",1988,5119.88393675957,1347.48083722169,4896.03953977344,3178.98997720029,8340.74061648471,0.263185817074308,1
"Kisaralik",1989,897.103885604855,237.528271719625,858.856238250148,554.125872966189,1459.34233451857,0.264772314033035,1
"Kisaralik",1990,3718.18009830096,978.60478615057,3555.19173029257,2312.84394819354,6052.59389672501,0.263194563006173,1
"Kisaralik",1991,1279.92216081414,337.677875383305,1224.13933591943,794.556773199918,2084.6467585676,0.263826883947781,1
"Kisaralik",1992,4466.14811294064,1175.4310448151,4272.07069945838,2776.05757633027,7276.05292650716,0.263186758497617,0
"Kisaralik",1993,6126.9904761563,1612.55327331908,5859.16560014911,3799.78086035817,9982.46038689001,0.263188473948909,0
"Kisaralik",1994,7322.56139719453,1927.25175916682,7004.58420764222,4540.17644940775,11935.0018278616,0.263193663340973,1
"Kisaralik",1995,7322.56139719453,1927.25175916682,7004.58420764222,4540.17644940775,11935.0018278616,0.263193663340973,1
"Kisaralik",1996,7039.86482473229,1852.83873726951,6734.16005901914,4363.47780313364,11473.3171521639,0.263192374200164,0
"Kisaralik",1997,2587.393808452,681.134903499869,2475.37151857998,1609.40198789593,4205.81797514369,0.263251346306414,1
"Kisaralik",1998,2693.40502312534,709.014717263491,2577.80258273038,1675.63168910376,4379.24291125057,0.263241031770548,1
"Kisaralik",1999,2828.86379743017,744.642084236028,2707.49132742676,1760.13936914254,4601.60333015257,0.263230094327089,0
"Kisaralik",2000,2128.01187820086,560.355727914501,2036.13595921301,1323.77092471409,3458.11934796822,0.263323590274438,0
"Kisaralik",2001,4424.92152945656,1164.58159762854,4232.74663086506,2750.66170204393,7208.61962088916,0.263186949164174,0
"Kisaralik",2002,10173.0851695221,2677.61552069773,9731.20065158432,6308.26672073254,16590.3223078135,0.263205849167535,1
"Kisaralik",2003,3853.63887260579,1014.24801542045,3684.64555463472,2396.89455397232,6274.18667161123,0.263192283695909,1
"Kisaralik",2004,30374.1110767197,7995.66822348647,29051.9989909753,18853.536696092,49581.2468341337,0.263239579367139,1
"Kisaralik",2005,12994.1613822182,3420.25908962252,12423.1377564166,8059.66680679454,21197.5506340469,0.263215069369767,1
"Kisaralik",2006,27882.8475318962,7339.81698259764,26667.853592297,17310.7508118404,45512.793445728,0.263237711794011,1
"Kisaralik",2007,4077.44032580506,1073.13945191516,3899.93800098542,2534.60450206727,6640.2531878232,0.263189492958006,1
"Kisaralik",2008,6327.23388165039,1665.26005593446,6050.88314955965,3923.21296578138,10309.4870321759,0.26318926834108,1
"Kisaralik",2009,3600.38985977503,947.611775776589,3443.34942932142,2238.51407548467,5859.87652763342,0.263196990515855,0
"Kisaralik",2010,1385.93337548748,365.473067761303,1326.0183354238,860.784900020425,2256.14037349694,0.263701758125822,1
"Kisaralik",2011,1739.30409106528,458.223465641227,1663.24167412381,1080.70680338096,2827.80507284063,0.263452186420476,0
"Kisaralik",2012,3464.93108547021,911.971223317591,3314.20250682289,2155.13168278263,5638.25155317808,0.26320039297227,1
"Kisaralik",2013,3529.71571665947,929.016506767776,3376.0920302943,2194.51161358043,5744.24610617846,0.263198676987789,1
"Kisaralik",2014,3665.17449096429,964.657798098639,3504.95508045599,2279.3953088127,5965.87108063379,0.263195599684762,1
"Kisaralik",2015,4177.5620285521,1099.4865625465,3996.3162188943,2596.94167243323,6804.01978718119,0.263188566688398,1
"Kisaralik",2016,3665.17449096429,964.657798098639,3504.95508045599,2279.3953088127,5965.87108063379,0.263195599684762,1
"Kisaralik",2017,4077.44032580506,1073.13945191516,3899.93800098542,2534.60450206727,6640.2531878232,0.263189492958006,0
"Kogrukluk",1976,5638,281.9,5638,5085.476,6190.524,0.05,1
"Kogrukluk",1977,19888,994.4,19888,17938.976,21837.024,0.05,0
"Kogrukluk",1978,14533,726.65,14533,13108.766,15957.234,0.05,1
"Kogrukluk",1979,11393,569.65,11393,10276.486,12509.514,0.05,1
"Kogrukluk",1980,20345,1017.25,20345,18351.19,22338.81,0.05,0
"Kogrukluk",1981,16089,804.45,16089,14512.278,17665.722,0.05,1
"Kogrukluk",1982,13126,656.3,13126,11839.652,14412.348,0.05,1
"Kogrukluk",1983,5155,257.75,5155,4649.81,5660.19,0.05,0
"Kogrukluk",1984,4922,246.1,4922,4439.644,5404.356,0.05,1
"Kogrukluk",1985,4442,222.1,4442,4006.684,4877.316,0.05,1
"Kogrukluk",1986,4119,205.95,4119,3715.338,4522.662,0.05,0
"Kogrukluk",1987,6388,319.4,6388,5761.976,7014.024,0.05,0
"Kogrukluk",1988,8028,401.4,8028,7241.256,8814.744,0.05,1
"Kogrukluk",1989,6855,342.75,6855,6183.21,7526.79,0.05,0
"Kogrukluk",1990,10093,504.65,10093,9103.886,11082.114,0.05,1
"Kogrukluk",1991,6835,341.75,6835,6165.17,7504.83,0.05,1
"Kogrukluk",1992,6563,328.15,6563,5919.826,7206.174,0.05,1
"Kogrukluk",1993,12377,618.85,12377,11164.054,13589.946,0.05,1
"Kogrukluk",1994,22537,1126.85,22537,20328.374,24745.626,0.05,0
"Kogrukluk",1995,20662,1033.1,20662,18637.124,22686.876,0.05,1
"Kogrukluk",1996,13771,688.55,13771,12421.442,15120.558,0.05,1
"Kogrukluk",1997,13190,659.5,13190,11897.38,14482.62,0.05,1
"Kogrukluk",1998,6559,327.95,6559,5916.218,7201.782,0.05,0
"Kogrukluk",1999,5543,277.15,5543,4999.786,6086.214,0.05,1
"Kogrukluk",2000,3242,162.1,3242,2924.284,3559.716,0.05,1
"Kogrukluk",2001,7475,373.75,7475,6742.45,8207.55,0.05,1
"Kogrukluk",2002,10025,501.25,10025,9042.55,11007.45,0.05,1
"Kogrukluk",2003,12008,600.4,12008,10831.216,13184.784,0.05,1
"Kogrukluk",2004,19819,990.95,19819,17876.738,21761.262,0.05,1
"Kogrukluk",2005,21819,1090.95,21819,19680.738,23957.262,0.05,1
"Kogrukluk",2006,20205,1010.25,20205,18224.91,22185.09,0.05,1
"Kogrukluk",2007,11431,571.55,11431,10310.762,12551.238,0.05,0
"Kogrukluk",2008,9750,487.5,9750,8794.5,10705.5,0.05,1
"Kogrukluk",2009,9528,476.4,9528,8594.256,10461.744,0.05,1
"Kogrukluk",2010,5812,290.6,5812,5242.424,6381.576,0.05,1
"Kogrukluk",2011,6731,336.55,6731,6071.362,7390.638,0.05,1
"Kogrukluk",2012,4346,217.3,4346,3920.092,4771.908,0.05,0
"Kogrukluk",2013,1819,90.95,1819,1640.738,1997.262,0.05,1
"Kogrukluk",2014,3732,186.6,3732,3366.264,4097.736,0.05,1
"Kogrukluk",2015,8081,404.05,8081,7289.062,8872.938,0.05,1
"Kogrukluk",2016,7056,352.8,7056,6364.512,7747.488,0.05,1
"Kogrukluk",2017,9992,499.6,9992,9012.784,10971.216,0.05,1
"Kwethluk",1976,6659,332.95,6659,6006.418,7311.582,0.05,0
"Kwethluk",1977,17508,875.4,17508,15792.216,19223.784,0.05,0
"Kwethluk",1978,10864,543.2,10864,9799.328,11928.672,0.05,0
"Kwethluk",1979,9435,471.75,9435,8510.37,10359.63,0.05,0
"Kwethluk",1980,17911,895.55,17911,16155.722,19666.278,0.05,0
"Kwethluk",1981,13606,680.3,13606,12272.612,14939.388,0.05,0
"Kwethluk",1982,4534,226.7,4534,4089.668,4978.332,0.05,0
"Kwethluk",1983,4539,226.95,4539,4094.178,4983.822,0.05,0
"Kwethluk",1984,5674,283.7,5674,5117.948,6230.052,0.05,0
"Kwethluk",1985,4230,211.5,4230,3815.46,4644.54,0.05,0
"Kwethluk",1986,3626,181.3,3626,3270.652,3981.348,0.05,0
"Kwethluk",1987,5623,281.15,5623,5071.946,6174.054,0.05,0
"Kwethluk",1988,5289,264.45,5289,4770.678,5807.322,0.05,0
"Kwethluk",1989,6034,301.7,6034,5442.668,6625.332,0.05,0
"Kwethluk",1990,7012,350.6,7012,6324.824,7699.176,0.05,0
"Kwethluk",1991,6683,334.15,6683,6028.066,7337.934,0.05,0
"Kwethluk",1992,9675,483.75,9675,8726.85,10623.15,0.05,1
"Kwethluk",1993,12032,601.6,12032,10852.864,13211.136,0.05,0
"Kwethluk",1994,19840,992,19840,17895.68,21784.32,0.05,0
"Kwethluk",1995,16207,810.35,16207,14618.714,17795.286,0.05,0
"Kwethluk",1996,13833,691.65,13833,12477.366,15188.634,0.05,0
"Kwethluk",1997,13992,699.6,13992,12620.784,15363.216,0.05,0
"Kwethluk",1998,5774,288.7,5774,5208.148,6339.852,0.05,0
"Kwethluk",1999,5555,277.75,5555,5010.61,6099.39,0.05,0
"Kwethluk",2000,3547,177.35,3547,3199.394,3894.606,0.05,1
"Kwethluk",2001,8694,434.7,8694,7841.988,9546.012,0.05,0
"Kwethluk",2002,8963,448.15,8963,8084.626,9841.374,0.05,1
"Kwethluk",2003,14474,723.7,14474,13055.548,15892.452,0.05,1
"Kwethluk",2004,29111,1455.55,29111,26258.122,31963.878,0.05,1
"Kwethluk",2005,16189,809.45,16189,14602.478,17775.522,0.05,0
"Kwethluk",2006,19899,994.95,19899,17948.898,21849.102,0.05,1
"Kwethluk",2007,14438,721.9,14438,13023.076,15852.924,0.05,1
"Kwethluk",2008,6300,315,6300,5682.6,6917.4,0.05,1
"Kwethluk",2009,5828,291.4,5828,5256.856,6399.144,0.05,1
"Kwethluk",2010,1772,88.6,1772,1598.344,1945.656,0.05,1
"Kwethluk",2011,4217,210.85,4217,3803.734,4630.266,0.05,1
"Kwethluk",2012,3826,191.3,3826,3451.052,4200.948,0.05,0
"Kwethluk",2013,2527,126.35,2527,2279.354,2774.646,0.05,0
"Kwethluk",2014,3213,160.65,3213,2898.126,3527.874,0.05,1
"Kwethluk",2015,8163,408.15,8163,7363.026,8962.974,0.05,1
"Kwethluk",2016,6701,335.05,6701,6044.302,7357.698,0.05,0
"Kwethluk",2017,7345,367.25,7345,6625.19,8064.81,0.05,1
"Oskawalik",1976,604.043670708483,125.234548533509,592.199096911208,395.985576098209,884.700714626317,0.207326977512439,0
"Oskawalik",1977,1585.16202253274,320.259291091535,1549.07695754996,1062.53781777816,2318.0951454538,0.20203568249751,0
"Oskawalik",1978,983.016424632015,199.985106478929,961.340496683035,652.721598727041,1440.63843871618,0.203440249285552,0
"Oskawalik",1979,856.692173324171,174.919918835138,837.78619752249,569.073724928109,1257.25774283921,0.204180596347001,0
"Oskawalik",1980,1623.05929792509,327.852492250325,1586.06979662109,1087.16753852854,2373.73728545938,0.20199662000609,0
"Oskawalik",1981,1231.45411887077,249.496890065917,1204.16732289914,821.984454462455,1801.17328346298,0.202603480099366,0
"Oskawalik",1982,410.346485369789,88.0592480423588,403.234831365448,261.373176729075,606.664631589861,0.214597300530071,0
"Oskawalik",1983,410.346485369789,88.0592480423588,403.234831365448,261.373176729075,606.664631589861,0.214597300530071,0
"Oskawalik",1984,515.616694792992,108.104152923581,506.11895546905,335.814566118469,757.516917880628,0.209659916009861,0
"Oskawalik",1985,385.08163510822,83.3331042367436,378.534898346924,243.646364502367,570.207777401296,0.21640373531011,0
"Oskawalik",1986,330.341126208154,73.258890048285,324.255248319841,204.146082132545,491.824122028175,0.221767392056789,0
"Oskawalik",1987,814.584089554889,166.589594444571,796.701699811006,540.288955893364,1196.1644467244,0.204508775190539,1
"Oskawalik",1988,338.762742962011,74.7913951351743,332.794583963505,209.819847784184,503.650761772623,0.220778101160793,1
"Oskawalik",1989,549.303161808417,114.605857472046,538.754041134857,358.650813775509,806.609632591249,0.208638626973747,0
"Oskawalik",1990,477.719419400639,100.833878709438,469.100281371265,308.822041650662,703.540876044733,0.211073434770449,1
"Oskawalik",1991,608.254479085411,126.054928897225,596.219160574654,399.114417149283,891.00122141477,0.207240444964359,0
"Oskawalik",1992,385.08163510822,83.3331042367436,378.534898346924,243.646364502367,570.207777401296,0.21640373531011,1
"Oskawalik",1993,435.611335631358,92.8234919256433,427.381494805587,279.453970309862,642.817247545286,0.213087870615462,1
"Oskawalik",1994,1795.70244137914,362.463151919234,1754.9089882272,1202.90965467699,2626.04194970237,0.201850341998117,0
"Oskawalik",1995,1374.62160368633,278.111244668436,1343.97525094923,918.345992889023,2011.61145788862,0.202318400876738,1
"Oskawalik",1996,1252.50816075542,253.701915285499,1224.95804821244,836.024867924484,1831.67530759277,0.202555099627044,0
"Oskawalik",1997,6191.78638689211,1246.52726526411,6045.13790546126,4171.76759046811,9073.35749832829,0.201319488008014,1
"Oskawalik",1998,524.038311546848,109.72639816371,514.017201018773,341.365864383842,769.839389931188,0.209386214225103,0
"Oskawalik",1999,414.557293746717,88.8508077613838,407.275513093811,264.527669827448,613.044547733862,0.214326967832025,1
"Oskawalik",2000,380.870826731292,82.5495780391726,374.142046155088,240.637668999852,564.519616834038,0.216739041810131,0
"Oskawalik",2001,789.319239293321,161.598746091247,772.220954277496,522.786888677501,1159.63431827021,0.204731796777089,0
"Oskawalik",2002,1244.08654400156,252.019769669216,1216.63141709349,830.419064438005,1819.47790192067,0.202574146376187,1
"Oskawalik",2003,3555.8203429351,716.135896111283,3472.74622430417,2391.3876050084,5214.13395038778,0.201398222363551,1
"Oskawalik",2004,1235.6649272477,250.337804150468,1208.32660754754,824.813260951526,1807.27482294888,0.202593598499284,1
"Oskawalik",2005,2452.58854817993,494.341036700699,2396.55162861566,1646.63635462535,3592.92183319093,0.201558894608535,1
"Oskawalik",2006,1627.27010630202,328.696285674571,1590.17612312969,1089.90417416748,2379.92406013745,0.201992456201101,1
"Oskawalik",2007,911.432682224236,185.769244758093,891.361569133196,607.218839170659,1337.46408824369,0.203821136087359,0
"Oskawalik",2008,898.800257093452,183.263738877471,879.032602529801,598.499386129522,1318.84870069165,0.203898182528463,1
"Oskawalik",2009,1597.79444766352,322.790166774063,1561.51036800589,1070.74772469496,2336.61663739093,0.202022336005788,1
"Oskawalik",2010,271.389808931161,62.7664991332479,267.01475089458,160.7969074714,408.442253203193,0.231278025436721,0
"Oskawalik",2011,111.379090607892,38.5463426379785,110.896442643193,38.0981772784898,188.951117898435,0.346082396862803,1
"Oskawalik",2012,216.649300031095,53.5406556858161,214.574699510841,121.221415945448,331.224973016239,0.247130526976693,1
"Oskawalik",2013,161.908791131029,45.1274005600376,160.443511964176,79.4663741016298,254.646688201613,0.278721125917845,1
"Oskawalik",2014,844.059748193386,172.419315410712,825.349667761338,560.069564517994,1238.31807631302,0.204273827510145,1
"Oskawalik",2015,675.627413116261,139.225615038943,661.634779761198,445.481148234101,988.993508886972,0.206068629448855,0
"Oskawalik",2016,199.806066523382,50.8459253600291,197.830624424705,108.93424248947,307.614734263224,0.254476384249719,1
"Oskawalik",2017,574.568012069986,119.502582663537,563.568565520403,375.632646297943,843.064141328057,0.207986835593244,1
"Pitka",1976,4281.90538697502,615.636257817547,4249.70852776341,3149.55461512209,5537.26233067992,0.143776240290182,0
"Pitka",1977,10887.1716610536,1558.78520825011,10800.8962728127,8032.30244519197,14088.9611096684,0.143176323179169,0
"Pitka",1978,6288.73920459931,906.934518100853,6237.24878356657,4625.18845629806,8160.73657724057,0.144215635057272,1
"Pitka",1979,4497.56182071567,654.833099134236,4462.32058693738,3303.09571540767,5877.905070622,0.145597353685743,0
"Pitka",1980,11371.0970309809,1627.55235335767,11282.0330125775,8382.78173538041,14713.0475771159,0.143130636289827,0
"Pitka",1981,8051.99790466388,1177.02959153387,7989.39330126919,5912.12364960707,10483.451027553,0.146178576481261,0
"Pitka",1982,2532.8274867105,371.794152627726,2513.75252934554,1847.31590857973,3291.51300307475,0.146790160237321,1
"Pitka",1983,3104.2611032878,451.453294642832,3081.67006383292,2270.17337165879,4025.6068564164,0.145430194053163,0
"Pitka",1984,3222.47173190028,469.183760066798,3198.49288365211,2364.04429923445,4185.4317190864,0.145597478923461,0
"Pitka",1985,3225.42487367565,468.682187951595,3201.92423014329,2355.0812666802,4191.06196108578,0.145308666705199,0
"Pitka",1986,2308.65876461891,341.249745026954,2294.58062042923,1676.93210054811,3003.06341334858,0.147812985728657,0
"Pitka",1987,3574.87937332825,517.69827923556,3549.13101859275,2624.39341764912,4632.78271099151,0.144815593806618,0
"Pitka",1988,2877.83304947728,421.566008111467,2857.05898805642,2101.94481269155,3741.32992024043,0.146487305157622,0
"Pitka",1989,2937.12705537883,432.100318493903,2914.53420845952,2142.56447825153,3822.04479454392,0.147116658675895,0
"Pitka",1990,4458.28318330571,642.410519621448,4424.64789111784,3275.96801720476,5767.79280613414,0.144093700020445,0
"Pitka",1991,4249.0898264422,612.857064014862,4218.43680584506,3121.28307280345,5499.8258598016,0.144232550745582,0
"Pitka",1992,11486.7822123288,1664.55185695783,11389.6975459339,8456.35178252239,14915.7519600341,0.144910195578642,0
"Pitka",1993,6267.06387709975,903.949900205804,6214.29056243953,4614.57143437114,8141.79983576218,0.144238182015169,0
"Pitka",1994,7816.79317014984,1154.00194644546,7750.69376059965,5744.25522678947,10291.2038791119,0.14763112203765,0
"Pitka",1995,10557.5368574545,1510.95291863207,10475.5428217854,7779.6566060283,13645.3891830746,0.143116044872266,0
"Pitka",1996,8782.96027849466,1257.8563723983,8713.50331714067,6478.99166747049,11362.6035236567,0.143215536961746,0
"Pitka",1997,8886.82631902735,1272.7293779452,8816.70756343986,6556.28159514962,11498.0690457323,0.143215286566385,0
"Pitka",1998,3668.68260382471,530.827215917353,3641.77291981613,2695.74183716271,4753.54802599118,0.144691507344884,0
"Pitka",1999,3526.78771500668,510.903692138912,3500.98182343695,2589.18404397056,4569.89426464151,0.144863749514888,0
"Pitka",2000,2586.51709984387,396.26228513938,2563.79927829463,1863.4060685654,3421.86006864714,0.153203040939996,1
"Pitka",2001,5604.87391481889,808.324804713464,5562.00001867945,4117.24990628934,7259.05949200889,0.14421819598409,1
"Pitka",2002,6371.9773184475,912.874703885652,6328.13234528771,4689.95070535319,8241.12703255957,0.143263960033692,1
"Pitka",2003,6435.06328693457,926.884338755005,6385.39407556381,4733.4425641101,8323.74296749542,0.144036553709876,1
"Pitka",2004,6687.92431588774,974.144062703777,6628.71703739681,4913.82203858065,8698.50849082544,0.145657160083228,1
"Pitka",2005,12455.1729785184,1879.864822563,12318.6101740118,9104.92469942689,16531.6345538092,0.150930446795498,1
"Pitka",2006,5227.84424207235,737.517841353878,5190.42168632409,3856.10164299521,6754.66204235157,0.141074945465766,1
"Pitka",2007,4848.83222521666,696.409591673528,4812.58993736477,3560.09178439925,6274.47017008809,0.143624188119318,1
"Pitka",2008,6081.85020161391,876.852507034827,6031.28791475789,4478.12135876201,7894.32903016953,0.144175288434783,1
"Pitka",2009,4110.762818279,598.196299636221,4080.93620256922,3016.84936827035,5371.66266965344,0.145519536417005,1
"Pitka",2010,1125.53509986109,190.256106251395,1117.79738726662,769.602978616954,1515.99913708129,0.169036137811141,1
"Pitka",2011,3837.38724492422,552.13300182401,3811.80852098019,2807.26242502309,4971.06200953139,0.143882534282753,1
"Pitka",2012,3336.91060518977,485.262339785717,3313.71738537422,2431.01774168165,4341.51170241235,0.145422637043679,0
"Pitka",2013,2313.06579422054,342.47050930478,2300.75817800692,1677.85204552915,3012.69150794691,0.148059130077701,1
"Pitka",2014,8157.94591170896,1190.47399916654,8089.98544905817,5979.83908865913,10632.913294583,0.145928155451224,0
"Pitka",2015,9221.48575972146,1334.98213962707,9149.31014959037,6780.81503233337,11976.7559675286,0.144768660323495,0
"Pitka",2016,8420.54044123369,1177.36511034514,8367.08758403415,6234.57240574705,10835.4652882727,0.139820611107076,1
"Pitka",2017,5310.32390666713,753.291979566353,5274.77438064441,3940.98210188192,6891.45621240243,0.141854243320373,1
"Swift",1976,2016.6331599265,271.423297994003,2006.98058487108,1505.26836397227,2564.04944133898,0.134592301360301,0
"Swift",1977,9733.36953669241,1308.84626713314,9680.81151355464,7296.87695856237,12385.7473978065,0.134470006732932,1
"Swift",1978,2101.17740840072,274.334401311128,2092.33507934509,1580.28386819252,2651.725945985,0.130562226784997,1
"Swift",1979,2854.43884922078,379.656890115131,2839.35269095457,2139.84299309429,3625.33228933494,0.133005788587404,0
"Swift",1980,5413.98246187457,714.451555881846,5385.35890753196,4067.3212704623,6861.66670609586,0.13196414301543,0
"Swift",1981,4115.50910819205,544.222747291147,4093.72135865178,3089.08736372848,5212.65157416987,0.132237041149503,0
"Swift",1982,1371.45931645446,189.761184617939,1366.91829608401,1008.75073081337,1755.24380315892,0.138364428562501,0
"Swift",1983,995.502903421359,141.842335470811,994.849696171571,722.39078269015,1276.87378387563,0.142483095713056,1
"Swift",1984,4230.43655398787,584.10073628725,4206.23217650077,3151.63165792841,5425.3531799076,0.138071030928626,1
"Swift",1985,3541.15886069849,491.754725685163,3521.28922788051,2633.91999842753,4547.58560976042,0.138868304142719,1
"Swift",1986,1100.91420341608,156.61326592252,1097.48131581242,801.769294282082,1416.43618257156,0.142257466963872,0
"Swift",1987,1553.33106249378,211.42899223057,1547.00666819728,1146.99923143495,1979.72306741606,0.136113284112875,1
"Swift",1988,1598.98496251555,218.263534596789,1592.07061425692,1180.81118260377,2040.45312841543,0.136501305336488,0
"Swift",1989,1826.51060857664,247.118673911551,1817.13846049812,1359.81722961114,2326.93684435657,0.135295504308143,0
"Swift",1990,2120.1189940005,284.685299098681,2110.36289162641,1583.67911719549,2694.74682676319,0.134277981520981,0
"Swift",1991,2022.24953219255,272.128258801918,2012.50504833135,1509.51704953468,2570.99030804482,0.134567101868419,0
"Swift",1992,4089.27641590404,555.572929860281,4067.21773648336,3059.41523004034,5219.98505955959,0.135860938062182,1
"Swift",1993,3161.78927364912,419.57123957585,3145.94103841624,2369.75844728041,4010.3493420386,0.132700570234907,1
"Swift",1994,5775.93260398939,759.490126997016,5745.11121150541,4346.5191993166,7310.80395719891,0.131492207245016,1
"Swift",1995,7859.96119825599,1027.45784224459,7824.04600349423,5923.62951686746,9945.73306305598,0.130720472573397,1
"Swift",1996,4181.59184755482,552.858397719758,4159.61833281341,3140.57751952648,5296.05480638217,0.132212424807323,0
"Swift",1997,1989.12117237831,263.10882873665,1979.61796947888,1485.29873473023,2518.28100228683,0.132273906884245,1
"Swift",1998,1748.59734136051,237.190224025155,1739.67736897532,1298.71408300671,2227.61989247138,0.135645993742966,0
"Swift",1999,1682.51460199774,228.82371303017,1674.58801511473,1246.65690368089,2145.16604865046,0.136001026534019,0
"Swift",2000,1264.8664045868,176.574960574457,1260.76929674412,928.077792190899,1622.05382621853,0.139599692057708,0
"Swift",2001,2118.1242085861,294.10273651517,2105.95269616756,1570.82861940442,2722.08852327642,0.138850561890084,1
"Swift",2002,3406.16403650837,451.395477305685,3389.76054646795,2554.09028833721,4317.30777437944,0.132523117638341,1
"Swift",2003,5268.20660574711,678.190276688947,5245.00311899348,3977.8358125916,6666.1209773673,0.128732665106396,1
"Swift",2004,4537.32085669751,595.5479870976,4516.54648181993,3404.06347059583,5743.70538913766,0.131255427135711,1
"Swift",2005,5569.79504153724,731.963325660156,5540.09976135655,4189.65235928066,7049.95869586577,0.131416563841483,1
"Swift",2006,4489.91547102073,597.134810431207,4468.0005609998,3369.05970290133,5694.42518868988,0.132994666444234,1
"Swift",2007,4632.94480159253,595.305967967158,4615.55700791658,3496.35065242767,5849.62398841884,0.128494077408936,1
"Swift",2008,1348.99382739026,187.030293908214,1344.83700862707,991.522438594279,1727.51896534165,0.138644291849755,1
"Swift",2009,1767.69849810205,236.203948099678,1759.18040586955,1315.55392535143,2243.52233314466,0.133622305134776,1
"Swift",2010,762.145494874033,119.425092976814,759.647885775771,533.095514124206,999.932744477138,0.156695924570876,1
"Swift",2011,1018.35078558665,149.037002146017,1014.52697006658,734.903713166534,1317.55121281494,0.14635134008382,1
"Swift",2012,1161.97137644927,162.745580457791,1158.44134074214,851.278979091338,1486.07288297027,0.140059887667033,1
"Swift",2013,618.260672097623,102.084432825054,617.292862202596,419.860593747904,818.765603731617,0.165115520737723,1
"Swift",2014,1961.03931104806,259.58044811631,1951.60044476273,1464.27594179022,2483.89825924389,0.132368814155785,1
"Swift",2015,2252.28447272603,301.662134243591,2241.51144574366,1683.89301856957,2865.49403068227,0.1339360715294,0
"Swift",2016,1016.78678061262,146.480942874332,1014.37761394437,737.070309239391,1311.5745667914,0.144062595686066,1
"Swift",2017,3191.17788542442,421.694510006069,3175.20310753728,2396.81603635379,4047.68274415649,0.132143843165918,1
"Takotna",1976,296,14.8,296,266.992,325.008,0.05,0
"Takotna",1977,779,38.95,779,702.658,855.342,0.05,0
"Takotna",1978,483,24.15,483,435.666,530.334,0.05,0
"Takotna",1979,420,21,420,378.84,461.16,0.05,0
"Takotna",1980,797,39.85,797,718.894,875.106,0.05,0
"Takotna",1981,605,30.25,605,545.71,664.29,0.05,0
"Takotna",1982,202,10.1,202,182.204,221.796,0.05,0
"Takotna",1983,202,10.1,202,182.204,221.796,0.05,0
"Takotna",1984,252,12.6,252,227.304,276.696,0.05,0
"Takotna",1985,188,9.4,188,169.576,206.424,0.05,0
"Takotna",1986,161,8.05,161,145.222,176.778,0.05,0
"Takotna",1987,250,12.5,250,225.5,274.5,0.05,0
"Takotna",1988,235,11.75,235,211.97,258.03,0.05,0
"Takotna",1989,268,13.4,268,241.736,294.264,0.05,0
"Takotna",1990,312,15.6,312,281.424,342.576,0.05,0
"Takotna",1991,297,14.85,297,267.894,326.106,0.05,0
"Takotna",1992,390,19.5,390,351.78,428.22,0.05,0
"Takotna",1993,535,26.75,535,482.57,587.43,0.05,0
"Takotna",1994,883,44.15,883,796.466,969.534,0.05,0
"Takotna",1995,721,36.05,721,650.342,791.658,0.05,0
"Takotna",1996,423,21.15,423,381.546,464.454,0.05,1
"Takotna",1997,1197,59.85,1197,1079.694,1314.306,0.05,1
"Takotna",1998,257,12.85,257,231.814,282.186,0.05,0
"Takotna",1999,247,12.35,247,222.794,271.206,0.05,0
"Takotna",2000,345,17.25,345,311.19,378.81,0.05,1
"Takotna",2001,718,35.9,718,647.636,788.364,0.05,1
"Takotna",2002,316,15.8,316,285.032,346.968,0.05,1
"Takotna",2003,390,19.5,390,351.78,428.22,0.05,1
"Takotna",2004,461,23.05,461,415.822,506.178,0.05,1
"Takotna",2005,499,24.95,499,450.098,547.902,0.05,1
"Takotna",2006,541,27.05,541,487.982,594.018,0.05,1
"Takotna",2007,412,20.6,412,371.624,452.376,0.05,1
"Takotna",2008,413,20.65,413,372.526,453.474,0.05,1
"Takotna",2009,311,15.55,311,280.522,341.478,0.05,1
"Takotna",2010,181,9.05,181,163.262,198.738,0.05,1
"Takotna",2011,136,6.8,136,122.672,149.328,0.05,1
"Takotna",2012,228,11.4,228,205.656,250.344,0.05,1
"Takotna",2013,97,4.85,97,87.494,106.506,0.05,1
"Takotna",2014,222,11.1,222,200.244,243.756,0.05,0
"Takotna",2015,331,16.55,331,298.562,363.438,0.05,0
"Takotna",2016,298,14.9,298,268.796,327.204,0.05,0
"Takotna",2017,301,15.05,301,271.502,330.498,0.05,1
"Tatlawiksuk",1976,1442,72.1,1442,1300.684,1583.316,0.05,0
"Tatlawiksuk",1977,3791,189.55,3791,3419.482,4162.518,0.05,0
"Tatlawiksuk",1978,2352,117.6,2352,2121.504,2582.496,0.05,0
"Tatlawiksuk",1979,2043,102.15,2043,1842.786,2243.214,0.05,0
"Tatlawiksuk",1980,3878,193.9,3878,3497.956,4258.044,0.05,0
"Tatlawiksuk",1981,2946,147.3,2946,2657.292,3234.708,0.05,0
"Tatlawiksuk",1982,982,49.1,982,885.764,1078.236,0.05,0
"Tatlawiksuk",1983,983,49.15,983,886.666,1079.334,0.05,0
"Tatlawiksuk",1984,1228,61.4,1228,1107.656,1348.344,0.05,0
"Tatlawiksuk",1985,916,45.8,916,826.232,1005.768,0.05,0
"Tatlawiksuk",1986,785,39.25,785,708.07,861.93,0.05,0
"Tatlawiksuk",1987,1218,60.9,1218,1098.636,1337.364,0.05,0
"Tatlawiksuk",1988,1145,57.25,1145,1032.79,1257.21,0.05,0
"Tatlawiksuk",1989,1307,65.35,1307,1178.914,1435.086,0.05,0
"Tatlawiksuk",1990,1518,75.9,1518,1369.236,1666.764,0.05,0
"Tatlawiksuk",1991,1447,72.35,1447,1305.194,1588.806,0.05,0
"Tatlawiksuk",1992,1900,95,1900,1713.8,2086.2,0.05,0
"Tatlawiksuk",1993,2605,130.25,2605,2349.71,2860.29,0.05,0
"Tatlawiksuk",1994,4296,214.8,4296,3874.992,4717.008,0.05,0
"Tatlawiksuk",1995,3509,175.45,3509,3165.118,3852.882,0.05,0
"Tatlawiksuk",1996,2995,149.75,2995,2701.49,3288.51,0.05,0
"Tatlawiksuk",1997,3029,151.45,3029,2732.158,3325.842,0.05,0
"Tatlawiksuk",1998,1250,62.5,1250,1127.5,1372.5,0.05,0
"Tatlawiksuk",1999,1484,74.2,1484,1338.568,1629.432,0.05,1
"Tatlawiksuk",2000,807,40.35,807,727.914,886.086,0.05,1
"Tatlawiksuk",2001,1978,98.9,1978,1784.156,2171.844,0.05,1
"Tatlawiksuk",2002,2237,111.85,2237,2017.774,2456.226,0.05,1
"Tatlawiksuk",2003,2440,122,2440,2200.88,2679.12,0.05,0
"Tatlawiksuk",2004,2833,141.65,2833,2555.366,3110.634,0.05,1
"Tatlawiksuk",2005,2864,143.2,2864,2583.328,3144.672,0.05,1
"Tatlawiksuk",2006,1700,85,1700,1533.4,1866.6,0.05,1
"Tatlawiksuk",2007,2032,101.6,2032,1832.864,2231.136,0.05,1
"Tatlawiksuk",2008,1075,53.75,1075,969.65,1180.35,0.05,1
"Tatlawiksuk",2009,1071,53.55,1071,966.042,1175.958,0.05,1
"Tatlawiksuk",2010,546,27.3,546,492.492,599.508,0.05,1
"Tatlawiksuk",2011,992,49.6,992,894.784,1089.216,0.05,1
"Tatlawiksuk",2012,1116,55.8,1116,1006.632,1225.368,0.05,1
"Tatlawiksuk",2013,495,24.75,495,446.49,543.51,0.05,1
"Tatlawiksuk",2014,1904,95.2,1904,1717.408,2090.592,0.05,1
"Tatlawiksuk",2015,2104,105.2,2104,1897.808,2310.192,0.05,1
"Tatlawiksuk",2016,2494,124.7,2494,2249.588,2738.412,0.05,1
"Tatlawiksuk",2017,2156,107.8,2156,1944.712,2367.288,0.05,1
"Tuluksak",1976,631,31.55,631,569.162,692.838,0.05,0
"Tuluksak",1977,1659,82.95,1659,1496.418,1821.582,0.05,0
"Tuluksak",1978,1030,51.5,1030,929.06,1130.94,0.05,0
"Tuluksak",1979,894,44.7,894,806.388,981.612,0.05,0
"Tuluksak",1980,1697,84.85,1697,1530.694,1863.306,0.05,0
"Tuluksak",1981,1289,64.45,1289,1162.678,1415.322,0.05,0
"Tuluksak",1982,430,21.5,430,387.86,472.14,0.05,0
"Tuluksak",1983,430,21.5,430,387.86,472.14,0.05,0
"Tuluksak",1984,538,26.9,538,485.276,590.724,0.05,0
"Tuluksak",1985,401,20.05,401,361.702,440.298,0.05,0
"Tuluksak",1986,344,17.2,344,310.288,377.712,0.05,0
"Tuluksak",1987,533,26.65,533,480.766,585.234,0.05,0
"Tuluksak",1988,501,25.05,501,451.902,550.098,0.05,0
"Tuluksak",1989,572,28.6,572,515.944,628.056,0.05,0
"Tuluksak",1990,664,33.2,664,598.928,729.072,0.05,0
"Tuluksak",1991,697,34.85,697,628.694,765.306,0.05,1
"Tuluksak",1992,1083,54.15,1083,976.866,1189.134,0.05,1
"Tuluksak",1993,2218,110.9,2218,2000.636,2435.364,0.05,1
"Tuluksak",1994,2916,145.8,2916,2630.232,3201.768,0.05,1
"Tuluksak",1995,1536,76.8,1536,1385.472,1686.528,0.05,0
"Tuluksak",1996,1311,65.55,1311,1182.522,1439.478,0.05,0
"Tuluksak",1997,1326,66.3,1326,1196.052,1455.948,0.05,0
"Tuluksak",1998,547,27.35,547,493.394,600.606,0.05,0
"Tuluksak",1999,526,26.3,526,474.452,577.548,0.05,0
"Tuluksak",2000,396,19.8,396,357.192,434.808,0.05,0
"Tuluksak",2001,954,47.7,954,860.508,1047.492,0.05,1
"Tuluksak",2002,1346,67.3,1346,1214.092,1477.908,0.05,1
"Tuluksak",2003,1064,53.2,1064,959.728,1168.272,0.05,1
"Tuluksak",2004,1475,73.75,1475,1330.45,1619.55,0.05,1
"Tuluksak",2005,2653,132.65,2653,2393.006,2912.994,0.05,1
"Tuluksak",2006,1033,51.65,1033,931.766,1134.234,0.05,1
"Tuluksak",2007,377,18.85,377,340.054,413.946,0.05,1
"Tuluksak",2008,683,34.15,683,616.066,749.934,0.05,1
"Tuluksak",2009,362,18.1,362,326.524,397.476,0.05,1
"Tuluksak",2010,207,10.35,207,186.714,227.286,0.05,1
"Tuluksak",2011,287,14.35,287,258.874,315.126,0.05,1
"Tuluksak",2012,542,27.1,542,488.884,595.116,0.05,1
"Tuluksak",2013,194,9.7,194,174.988,213.012,0.05,1
"Tuluksak",2014,338,16.9,338,304.876,371.124,0.05,1
"Tuluksak",2015,711,35.55,711,641.322,780.678,0.05,1
"Tuluksak",2016,909,45.45,909,819.918,998.082,0.05,1
"Tuluksak",2017,645,32.25,645,581.79,708.21,0.05,1
